<?xml version="1.0" encoding="UTF-8"?>
<project-private xmlns="http://www.netbeans.org/ns/project-private/1">
    <editor-bookmarks xmlns="http://www.netbeans.org/ns/editor-bookmarks/2" lastBookmarkId="0"/>
    <open-files xmlns="http://www.netbeans.org/ns/projectui-open-files/2">
        <group>
            <file>file:/C:/Users/Bijwe/Documents/NetBeansProjects/Cryptic%20Scripts/src/welcome.java</file>
            <file>file:/C:/Users/Bijwe/Documents/NetBeansProjects/Cryptic%20Scripts/src/page6.java</file>
            <file>file:/C:/Users/Bijwe/Documents/NetBeansProjects/Cryptic%20Scripts/src/BreakPage.java</file>
            <file>file:/C:/Users/Bijwe/Documents/NetBeansProjects/Cryptic%20Scripts/src/Homee.java</file>
            <file>file:/C:/Users/Bijwe/Documents/NetBeansProjects/Cryptic%20Scripts/src/TextEcp.java</file>
            <file>file:/C:/Users/Bijwe/Documents/NetBeansProjects/Cryptic%20Scripts/src/test.java</file>
            <file>file:/C:/Users/Bijwe/Documents/NetBeansProjects/Cryptic%20Scripts/src/ComposePage.java</file>
            <file>file:/C:/Users/Bijwe/Documents/NetBeansProjects/Cryptic%20Scripts/src/page3.java</file>
            <file>file:/C:/Users/Bijwe/Documents/NetBeansProjects/Cryptic%20Scripts/src/TextDcp.java</file>
        </group>
    </open-files>
</project-private>
